{"1":0,"10":0,"11":0,"12":0,"13":0,"14":0,"15":0,"16":0,"17":0,"18":0,"19":0,"2":0,"20":0,"21":0,"22":0,"23":0,"24":0,"25":0,"26":0,"27":[0,3.3623900061945073E-5,0.00023904337531832864,0.00047784850987679845],"28":[0,3.7937304700942931E-7,0.00010602263404226021,0.0003046802739348886,0.00056821432996076763,0.0012608244889531284],"29":[0,6.48211163879138E-6,3.5500622203868115E-5,7.0202704934958025E-5,0.00012415427076880822,0.00034404539197467122,0.00096191327689448532,0.0027788704659646212,0.0055943100006882792],"3":0,"30":[0,1.8457894555716059E-5,8.1363693303048963E-5,0.0001511672930002069,0.0002548811893454473,0.00046369078394934283,0.0012026800880996613,0.0029188944180604305,0.0079304219147911109,0.014215787734875076],"31":[0.00062361442068965584,0.0014286379654484102,0.0019192273384265994,0.0022547659164429933,0.0026472921054442968,0.0033526047215913088,0.0046564677541468735,0.0077839933925252965,0.014613678849198156,0.025183961043430365],"32":[0.0015512453793103487,0.0038785860004129729,0.0052050223690550028,0.0061363287218666272,0.0070603069722623875,0.0084549445935714548,0.010786997040401971,0.014937503613462719,0.023977986785050604,0.041737646775414645],"33":[0.0051846404827586281,0.0087380507949618054,0.01009199807281988,0.011429066694197779,0.012906418886365194,0.014743658889118319,0.017760914034000961,0.022758183632734522,0.036937048661298086,0.063927304012664291],"34":[0.00784475310344828,0.012234606648771426,0.01451273521921676,0.016873450340697909,0.020017965448413461,0.023620008947621989,0.028113491637414834,0.034982534930139551,0.054102470920228907,0.094633181912037928],"35":[0.010708693103448229,0.015302265124922493,0.018690874113841273,0.022685778098974416,0.028519675132493632,0.034966219973845428,0.042559302085484238,0.055996620551999485,0.088722761373804082,0.13665261201734449],"36":[0.012338769655172398,0.016429361277445147,0.020508474086310208,0.026022927937228994,0.035239553995457362,0.047289930483859877,0.060334407047973063,0.090653458600041287,0.14116478766604712,0.21010672448207057],"37":[0.0153099868965517,0.019666527634386383,0.024803191547938579,0.032505590887191134,0.044741110881684823,0.059991582352536182,0.080121350402643135,0.13117223484066348,0.20662600316608173,0.29588672998829907],"38":[0.015615277241379328,0.021260585036822807,0.027278066625369992,0.036152054511666157,0.053095884093881232,0.076914770459081724,0.10136182806800204,0.17519486544153054,0.27851755110468734,0.4017270287012184],"39":[0.016614017241379293,0.02362733154380903,0.031966392731777767,0.043305451166632328,0.062496593020854981,0.087978415582627756,0.114514839286943,0.18456777479523684,0.29332010461834923,0.42461731708995781],"4":0,"40":[0.017239843448275817,0.025219797646087214,0.035024937022506829,0.049399153417303367,0.069723401472916224,0.096712657443733349,0.12108611742033151,0.15891393075917121,0.24994962488815442,0.36509586344552314],"41":[0.019743769655172449,0.031541278821667004,0.04465789799710914,0.062593000206483618,0.083625239176818647,0.10683350540298719,0.13235988712230706,0.16942194232225208,0.26591218941427491,0.39119849266983248],"42":[0.022471438620689649,0.038714680294583241,0.057120696537958565,0.0816490054374011,0.10656802945832482,0.12963465482827446,0.15541636726546898,0.21390017206965395,0.34608469956638449,0.49184637621309096],"43":[0.038649344827586134,0.057823780026154591,0.077873170899579958,0.10129990364099391,0.12620656617798887,0.15074133113084159,0.18937476770596753,0.27224966618487167,0.4173519443870885,0.57010861036547567],"44":[0.058472737931034517,0.085037889737765826,0.1088905499346135,0.13108476151146004,0.15172888705347928,0.17573473053892202,0.22688118934544704,0.32938044600454258,0.48665179984857859,0.6199976598527086],"45":[0.086473779310344265,0.12060938123752449,0.14465720971849405,0.16511653245233782,0.18499103172964484,0.21679888498864361,0.28631698671622297,0.39193042191479133,0.54327723862619537,0.65586516621928559],"46":[0.10567868275862069,0.16574580494184071,0.189773563218391,0.21094330649046691,0.23779426663913578,0.28303135797370738,0.36485375455984609,0.46993516415445047,0.59006800192717945,0.67191926491843923],"47":[0.10832991724137922,0.19330832817124383,0.22386670796338384,0.24535213710510051,0.27402416546217934,0.3241014729162362,0.41055137999862323,0.52011817743822675,0.61207440291830162,0.68332989194025806],"48":[0.11107808965517244,0.20201545873769708,0.23582656067175989,0.257808383233533,0.28659124509601508,0.34080948447931669,0.42854236354876452,0.54607894555716152,0.62498169178883667,0.68713373253493037],"49":[0.11583813103448254,0.20083639617317095,0.23638014316195194,0.25967529079771545,0.29214542638860252,0.34881887259962824,0.44049514763576358,0.561786358317847,0.634222520476289,0.69309512010461727],"5":0,"50":[0.1232197172413793,0.2032415032004955,0.23314022300227125,0.25550440498313676,0.28480699291073014,0.34619218115493167,0.45577630945006575,0.57033877073439365,0.63350196159405336,0.69075352742790186],"51":[0.12653834482758625,0.19716904811067476,0.22720417785119418,0.25802395897859448,0.29819963521233378,0.35009553307178709,0.4468722554890221,0.56843251428178176,0.63328873287906962,0.689795856562736],"52":[0.11497389655172416,0.18336611604377412,0.21704290728887018,0.25395870328308895,0.31155805630119066,0.38790487989538214,0.452914584623856,0.55034971436437508,0.62432011838392021,0.68361009016449914],"53":[0.11929818620689651,0.21009262853603122,0.25211289834124861,0.28787348750774311,0.339353671966412,0.41198719801775818,0.47332548695712068,0.53964188863652029,0.612378415582628,0.67339720558882177],"54":[0.11758386896551715,0.23353635487645405,0.33681585105650741,0.38111783329891957,0.4109510633904605,0.4424043636864205,0.48095780852088937,0.53828687452680879,0.59678835432583066,0.65930304907426551],"55":[0.10801802068965478,0.22561737903503382,0.35254329272489537,0.40559384678918059,0.4292551448826476,0.45470424667905623,0.48837084451786034,0.531545391974671,0.583274416683873,0.64137332232087541],"56":[0.0926924262068966,0.20723382889393652,0.32069308279991671,0.36773570101176933,0.39441971229954,0.4268136829788694,0.46600681395829013,0.51108775552343555,0.56164354050519638,0.61699483791038567],"57":[0.090890120689655157,0.18872866680432229,0.27829739830683431,0.3163586757519446,0.34653726340422641,0.38740119760479058,0.43710207171863125,0.48609023332645074,0.53552942391079872,0.59175091196916474],"58":[0.080831066896551729,0.17421526601968482,0.22650236079565028,0.25622868745268063,0.28861522472296758,0.33807366646018344,0.40186750636657753,0.45457354257003246,0.5044842728336435,0.56256803634111074],"59":[0.071441597931034523,0.13920998692270614,0.17376044462798548,0.19943049074265237,0.23022184596324585,0.28462939637965434,0.35079755661091583,0.41305554408424516,0.47089668937986073,0.53105719595292133],"6":0,"60":[0.059935605517241371,0.10523916993598985,0.12752640236767865,0.14648022575538597,0.17382676715534467,0.21921619519581562,0.28084115906118795,0.36012255489021922,0.43348888430036525,0.49514853052515656],"61":[0.042004757931034385,0.074345144194369717,0.0930895863445523,0.11083938330236073,0.13726763025672789,0.17999255282538379,0.23717606166976396,0.31545536513180539,0.39459921536237896,0.45710386124303176],"62":[0.029445584827586243,0.053116119485167687,0.070950643540505065,0.0895540849335811,0.11512741413724274,0.15537607543533608,0.21016151834262525,0.276641523848854,0.35369345447036965,0.41693819258035669],"63":[0.018084919310344828,0.035697368022575456,0.049279544359556726,0.064626987404501332,0.086935473879826322,0.11945490398513313,0.1674858971711751,0.22502881134283145,0.29729208479592528,0.37013223897033476],"64":[0.011137148689655213,0.019852385573680215,0.026147931034482728,0.033686127744511032,0.046179682015279735,0.0695055957051413,0.11261768187762393,0.16383183288595249,0.22826236492532206,0.30936721040677229],